Keywords,Frequency
Either,1
method,1
work,1
"fine,",1
use,1
version,1
comfortable,1
with.,1
You,1
simply,1
need,1
call,1
sum(),1
groupby,1
rename,1
column,1
names,1
accordingly,1
finally,1
write,1
resulting,1
dataframe,1
csv,1
Either,1
method,1
work,1
"fine,",1
use,1
version,1
comfortable,1
Either,1
method,1
work,1
fine,1
you,1
simply,1
need,1
call,1
sum,1
groupby,1
object,1
rename,1
column,1
names,1
accordingly,1
finally,1
write,1
resulting,1
dataframe,1
csv,1
file,1
both,1
strings,1
lists,1
sequentially,1
ordered,1
means,1
access,1
contents,1
using,1
index,1
number,1
starts,1
0,1
if,1
list,1
containing,1
use,1
pair,1
indexes,1
first,1
particular,1
string,1
character,1
within,1
study,1
examples,1
below,1
to,1
follow,1
along,1
future,1
lessons,1
important,1
right,1
files,1
programs,1
“programming-historian”,1
directory,1
at,1
end,1
lesson,1
series,1
download,1
zip,1
file,1
make,1
sure,1
correct,1
code,1
also,1
ways,1
parse,1
text,1
files,1
libraries,1
like,1
antlr,1
ply,1
plyplus,1
they,1
handle,1
heavy-duty,1
parsing,1
simple,1
string,1
manipulation,1
work,1
regular,1
expressions,1
use,1
the,1
csv,1
module,1
provides,1
various,1
functions,1
classes,1
allow,1
read,1
write,1
easily,1
you,1
look,1
official,1
python,1
documentation,1
find,1
interesting,1
tips,1
modules,1
best,1
way,1
saving,1
viewing,1
sending,1
data,1
actually,1
hard,1
learn,1
seems,1
beginning,1
but,1
little,1
practice,1
master,1
it,1
we,1
prepared,1
frequently,1
asked,1
python,1
interview,1
questions,1
answers,1
help,1
