Keywords,Frequency
use,4
work,4
csv,3
Either,3
write,3
method,3
dataframe,2
python,2
string,2
simply,2
column,2
comfortable,2
files,2
finally,2
groupby,2
"fine,",2
rename,2
file,2
resulting,2
version,2
you,2
call,2
accordingly,2
names,2
need,2
questions,1
modules,1
regular,1
number,1
object,1
read,1
official,1
parsing,1
particular,1
ordered,1
provides,1
pair,1
programs,1
parse,1
prepared,1
practice,1
plyplus,1
right,1
ply,1
0,1
series,1
saving,1
seems,1
zip,1
within,1
with.,1
we,1
ways,1
way,1
viewing,1
various,1
using,1
to,1
tips,1
they,1
the,1
text,1
sure,1
sum(),1
sum,1
study,1
strings,1
starts,1
simple,1
sequentially,1
sending,1
module,1
lists,1
means,1
master,1
end,1
easily,1
download,1
documentation,1
directory,1
data,1
correct,1
contents,1
containing,1
code,1
classes,1
character,1
but,1
both,1
best,1
below,1
beginning,1
at,1
asked,1
antlr,1
answers,1
also,1
along,1
allow,1
actually,1
access,1
You,1
examples,1
expressions,1
find,1
interesting,1
manipulation,1
make,1
look,1
little,1
list,1
like,1
libraries,1
lessons,1
lesson,1
learn,1
it,1
interview,1
indexes,1
fine,1
index,1
important,1
if,1
help,1
heavy-duty,1
hard,1
handle,1
future,1
functions,1
frequently,1
follow,1
first,1
“programming-historian”,1
